Bit Position,Baseline Acc Drop (%),Fault-Aware Acc Drop (%),Improvement (%),Robustness Factor
0,0.10848484848483553,0.1412121212121087,-30.2,0.77
1,13.386309523809514,13.455952380952374,-0.5,0.99
8,0.020370370370359492,0.05185185185182517,-154.5,0.39
15,0.0,0.0,nan,N/A
23,0.0,0.0,nan,N/A
