{"tensor_location": [[0]], "criterion_score": [0.7608], "layer_name": ["encoder.layers.encoder_layer_4.mlp.3.bias"], "value_before": [0.0018773771589621902], "value_after": [0.001887377118691802]}