{"tensor_location": [[0, 0, 0]], "criterion_score": [0.0272], "layer_name": ["class_token"], "value_before": [-0.0006801103590987623], "value_after": [99.99932098388672]}