{"tensor_location": [[0]], "criterion_score": [0.7608], "layer_name": ["encoder.layers.encoder_layer_1.mlp.0.bias"], "value_before": [-0.0015777663793414831], "value_after": [-0.0015677664196118712]}