{"tensor_location": [[0]], "criterion_score": [0.002], "layer_name": ["conv_proj.bias"], "value_before": [-0.0022644423879683018], "value_after": [99.99773406982422]}