{"tensor_location": [[0, 0, 0, 0]], "criterion_score": [0.5354], "layer_name": ["conv_proj.weight"], "value_before": [-0.0002408755390206352], "value_after": [9.99975872039795]}