{"tensor_location": [[0]], "criterion_score": [0.7608], "layer_name": ["encoder.layers.encoder_layer_2.ln_1.bias"], "value_before": [-0.0066048866137862206], "value_after": [-0.005604886449873447]}