{"tensor_location": [[0]], "criterion_score": [0.7608], "layer_name": ["encoder.layers.encoder_layer_9.ln_1.weight"], "value_before": [0.0016691554337739944], "value_after": [0.0016791553935036063]}