{"tensor_location": [[0]], "criterion_score": [0.7608], "layer_name": ["encoder.layers.encoder_layer_6.mlp.3.bias"], "value_before": [0.0024473383091390133], "value_after": [0.002457338385283947]}