{"tensor_location": [[0]], "criterion_score": [0.001], "layer_name": ["conv_proj.bias"], "value_before": [-0.0022644423879683018], "value_after": [999.9977416992188]}