{"tensor_location": [[0]], "criterion_score": [0.7578], "layer_name": ["encoder.ln.bias"], "value_before": [-0.011041536927223206], "value_after": [9.988958358764648]}