{"tensor_location": [[0]], "criterion_score": [0.7608], "layer_name": ["encoder.ln.weight"], "value_before": [0.5332044363021851], "value_after": [0.5342044234275818]}