{"tensor_location": [[0]], "criterion_score": [0.3536], "layer_name": ["encoder.ln.bias"], "value_before": [-0.011041536927223206], "value_after": [99.98896026611328]}