{"tensor_location": [[0, 0]], "criterion_score": [0.7202], "layer_name": ["heads.head.weight"], "value_before": [0.049961939454078674], "value_after": [10.049962043762207]}