{"tensor_location": [[0, 0]], "criterion_score": [0.7608], "layer_name": ["encoder.layers.encoder_layer_3.mlp.3.weight"], "value_before": [0.0010530226863920689], "value_after": [0.002053022850304842]}