{"tensor_location": [[0]], "criterion_score": [0.761], "layer_name": ["encoder.ln.bias"], "value_before": [-0.011041536927223206], "value_after": [0.988958477973938]}