{"tensor_location": [[0]], "criterion_score": [0.7608], "layer_name": ["encoder.layers.encoder_layer_7.mlp.3.bias"], "value_before": [0.003231074893847108], "value_after": [0.0032410749699920416]}