{"tensor_location": [[0]], "criterion_score": [0.7608], "layer_name": ["encoder.layers.encoder_layer_9.ln_1.bias"], "value_before": [0.00012501432502176613], "value_after": [0.00013501432840712368]}