{"tensor_location": [[0]], "criterion_score": [0.7608], "layer_name": ["encoder.layers.encoder_layer_10.mlp.3.bias"], "value_before": [-0.001372777041979134], "value_after": [-0.0003727769944816828]}