{"tensor_location": [[0]], "criterion_score": [0.7608], "layer_name": ["encoder.layers.encoder_layer_7.ln_1.bias"], "value_before": [-0.0071999928914010525], "value_after": [-0.007189992815256119]}