{"tensor_location": [[0]], "criterion_score": [0.097], "layer_name": ["heads.head.bias"], "value_before": [-0.028561346232891083], "value_after": [9.97143840789795]}