{"tensor_location": [[0]], "criterion_score": [0.7608], "layer_name": ["encoder.layers.encoder_layer_8.mlp.3.bias"], "value_before": [0.0006685283733531833], "value_after": [0.0016685284208506346]}