{"tensor_location": [[0, 0, 0]], "criterion_score": [0.1068], "layer_name": ["class_token"], "value_before": [-0.0006801103590987623], "value_after": [9.999320030212402]}