{"tensor_location": [[0, 0, 0]], "criterion_score": [0.0016], "layer_name": ["encoder.pos_embedding"], "value_before": [-0.0006801115232519805], "value_after": [999.9993286132812]}