{"tensor_location": [[0]], "criterion_score": [0.7608], "layer_name": ["encoder.layers.encoder_layer_11.ln_1.weight"], "value_before": [0.0016264740843325853], "value_after": [0.0016364740440621972]}