{"tensor_location": [[0]], "criterion_score": [0.7608], "layer_name": ["encoder.layers.encoder_layer_0.ln_1.weight"], "value_before": [-0.0006305686547420919], "value_after": [0.0003694313927553594]}