{"tensor_location": [[0, 0, 0]], "criterion_score": [0.7608], "layer_name": ["class_token"], "value_before": [-0.0006801103590987623], "value_after": [0.00031988968839868903]}