{"tensor_location": [[0]], "criterion_score": [0.7608], "layer_name": ["encoder.layers.encoder_layer_0.mlp.3.bias"], "value_before": [-0.0016779607394710183], "value_after": [-0.0016679607797414064]}