{"tensor_location": [[0]], "criterion_score": [0.7608], "layer_name": ["encoder.layers.encoder_layer_1.ln_2.bias"], "value_before": [0.0033197931479662657], "value_after": [0.004319793079048395]}