{"tensor_location": [[0, 0]], "criterion_score": [0.7606], "layer_name": ["heads.head.weight"], "value_before": [0.049961939454078674], "value_after": [1.0499619245529175]}