{"tensor_location": [[0]], "criterion_score": [0.2394], "layer_name": ["encoder.layers.encoder_layer_11.ln_1.bias"], "value_before": [0.00045820572995580733], "value_after": [100.00045776367188]}