{"tensor_location": [[433]], "criterion_score": [0.7596], "layer_name": ["encoder.layers.encoder_layer_1.ln_1.bias"], "value_before": [-0.0042621721513569355], "value_after": [0.25703304828964535]}