{"tensor_location": [[0, 0, 635]], "criterion_score": [0.1914], "layer_name": ["class_token"], "value_before": [-0.001344915828667581], "value_after": [-0.42240155480152874]}