{"tensor_location": [[531, 258]], "criterion_score": [0.7608], "layer_name": ["encoder.layers.encoder_layer_0.mlp.0.weight"], "value_before": [-0.005203917156904936], "value_after": [-0.34579456938184516]}