{"tensor_location": [[2461, 720]], "criterion_score": [0.7608], "layer_name": ["encoder.layers.encoder_layer_7.mlp.0.weight"], "value_before": [-0.01929900236427784], "value_after": [-0.23903950987769676]}