{"tensor_location": [[438]], "criterion_score": [0.7572], "layer_name": ["encoder.ln.weight"], "value_before": [0.5918480753898621], "value_after": [17.697809626062657]}