{"tensor_location": [[1232, 644]], "criterion_score": [0.7602], "layer_name": ["encoder.layers.encoder_layer_8.mlp.0.weight"], "value_before": [0.009930800646543503], "value_after": [5.870267852879371]}