{"tensor_location": [[0, 2589]], "criterion_score": [0.7606], "layer_name": ["encoder.layers.encoder_layer_7.mlp.3.weight"], "value_before": [0.022767771035432816], "value_after": [-0.6968999203533688]}