{"tensor_location": [[254]], "criterion_score": [0.7608], "layer_name": ["encoder.layers.encoder_layer_0.ln_1.weight"], "value_before": [0.0001844526850618422], "value_after": [0.7812588471305549]}