{"tensor_location": [[205]], "criterion_score": [0.7608], "layer_name": ["encoder.layers.encoder_layer_0.ln_1.weight"], "value_before": [-0.0005246427608653903], "value_after": [0.09285275784032765]}