{"tensor_location": [[1372]], "criterion_score": [0.7608], "layer_name": ["encoder.layers.encoder_layer_9.mlp.0.bias"], "value_before": [-0.05107033625245094], "value_after": [0.21069955340806834]}