{"tensor_location": [[1610, 510]], "criterion_score": [0.7614], "layer_name": ["encoder.layers.encoder_layer_10.mlp.0.weight"], "value_before": [-0.024278374388813972], "value_after": [2.4479109144569997]}