{"tensor_location": [[1260, 523]], "criterion_score": [0.7606], "layer_name": ["encoder.layers.encoder_layer_3.mlp.0.weight"], "value_before": [0.006357931066304445], "value_after": [0.12554193312240586]}