{"tensor_location": [[1181, 123]], "criterion_score": [0.7598], "layer_name": ["encoder.layers.encoder_layer_8.mlp.0.weight"], "value_before": [-0.02848183736205101], "value_after": [7.456759090880663]}