{"tensor_location": [[2649, 259]], "criterion_score": [0.7608], "layer_name": ["encoder.layers.encoder_layer_2.mlp.0.weight"], "value_before": [0.006729751825332642], "value_after": [0.48417588700329106]}