{"tensor_location": [[544]], "criterion_score": [0.7602], "layer_name": ["encoder.layers.encoder_layer_1.mlp.3.bias"], "value_before": [0.001112513360567391], "value_after": [0.44771102769735266]}