{"tensor_location": [[0, 0, 349]], "criterion_score": [0.0896], "layer_name": ["class_token"], "value_before": [0.015516279265284538], "value_after": [3.0033720433918902]}