{"tensor_location": [[665, 1103]], "criterion_score": [0.7608], "layer_name": ["encoder.layers.encoder_layer_9.mlp.3.weight"], "value_before": [-0.027550702914595604], "value_after": [-1.376158027399076]}