{"tensor_location": [[193]], "criterion_score": [0.7602], "layer_name": ["encoder.layers.encoder_layer_1.ln_1.bias"], "value_before": [0.00035241665318608284], "value_after": [0.6973198948612828]}