{"tensor_location": [[286, 1590]], "criterion_score": [0.7608], "layer_name": ["encoder.layers.encoder_layer_0.mlp.3.weight"], "value_before": [0.0007970643346197903], "value_after": [1.0238639427507483]}