{"tensor_location": [[2659, 703]], "criterion_score": [0.7608], "layer_name": ["encoder.layers.encoder_layer_3.mlp.0.weight"], "value_before": [0.01648501493036747], "value_after": [-0.36919244608815727]}