{"tensor_location": [[0, 0, 565]], "criterion_score": [0.0976], "layer_name": ["class_token"], "value_before": [-0.000651466310955584], "value_after": [10.458426617763894]}