{"tensor_location": [[2191, 429]], "criterion_score": [0.7608], "layer_name": ["encoder.layers.encoder_layer_9.mlp.0.weight"], "value_before": [-0.021469315513968468], "value_after": [-0.305342704141839]}