{"tensor_location": [[760, 2291]], "criterion_score": [0.7608], "layer_name": ["encoder.layers.encoder_layer_9.mlp.3.weight"], "value_before": [0.017804816365242004], "value_after": [-1.0596661002997074]}