{"tensor_location": [[763]], "criterion_score": [0.7608], "layer_name": ["encoder.layers.encoder_layer_10.ln_2.bias"], "value_before": [-0.03976207971572876], "value_after": [0.31057557160901555]}