{"tensor_location": [[2338, 763]], "criterion_score": [0.7608], "layer_name": ["encoder.layers.encoder_layer_6.mlp.0.weight"], "value_before": [-0.001096850959584117], "value_after": [0.8769074799523925]}