{"tensor_location": [[2764]], "criterion_score": [0.7614], "layer_name": ["encoder.layers.encoder_layer_7.mlp.0.bias"], "value_before": [-0.013623509556055069], "value_after": [0.6271628138242122]}