{"tensor_location": [[317, 1, 8, 3]], "criterion_score": [0.7526], "layer_name": ["conv_proj.weight"], "value_before": [0.011595635674893856], "value_after": [-2.081316858753274]}