{"tensor_location": [[278, 247]], "criterion_score": [0.6266], "layer_name": ["encoder.layers.encoder_layer_8.mlp.0.weight"], "value_before": [-0.009321795776486397], "value_after": [54.291893687861695]}