{"tensor_location": [[2271]], "criterion_score": [0.761], "layer_name": ["encoder.layers.encoder_layer_11.mlp.0.bias"], "value_before": [-0.011436741799116135], "value_after": [0.3390492448806017]}