{"tensor_location": [[322]], "criterion_score": [0.7608], "layer_name": ["heads.head.bias"], "value_before": [-0.023269573226571083], "value_after": [-0.375473348167323]}