{"tensor_location": [[752]], "criterion_score": [0.7616], "layer_name": ["encoder.layers.encoder_layer_7.ln_1.bias"], "value_before": [0.0061612254939973354], "value_after": [0.6860087656417097]}