{"tensor_location": [[394, 1, 6, 28]], "criterion_score": [0.7552], "layer_name": ["conv_proj.weight"], "value_before": [0.0018805450526997447], "value_after": [6.622209470288048]}