{"tensor_location": [[1089, 90]], "criterion_score": [0.7606], "layer_name": ["encoder.layers.encoder_layer_8.mlp.0.weight"], "value_before": [0.003700770903378725], "value_after": [1.0510430385548528]}