{"tensor_location": [[427, 583]], "criterion_score": [0.7604], "layer_name": ["encoder.layers.encoder_layer_4.mlp.3.weight"], "value_before": [-0.012612885795533657], "value_after": [0.16703238793181108]}