{"tensor_location": [[0, 0, 308]], "criterion_score": [0.101], "layer_name": ["class_token"], "value_before": [0.029907282441854477], "value_after": [-2.048521524396373]}