{"tensor_location": [[168]], "criterion_score": [0.7608], "layer_name": ["encoder.layers.encoder_layer_7.mlp.3.bias"], "value_before": [-0.001354657462798059], "value_after": [-0.013802071680345293]}