{"tensor_location": [[651]], "criterion_score": [0.7614], "layer_name": ["encoder.layers.encoder_layer_11.ln_2.bias"], "value_before": [-0.008135613985359669], "value_after": [-1.0626561971801562]}