{"tensor_location": [[873, 679]], "criterion_score": [0.7608], "layer_name": ["encoder.layers.encoder_layer_3.mlp.0.weight"], "value_before": [-0.016410110518336296], "value_after": [0.9373933712512892]}