{"tensor_location": [[448]], "criterion_score": [0.5796], "layer_name": ["encoder.layers.encoder_layer_11.ln_2.bias"], "value_before": [0.0033576698042452335], "value_after": [39.408566262769966]}