{"tensor_location": [[0, 46, 368]], "criterion_score": [0.7608], "layer_name": ["encoder.pos_embedding"], "value_before": [0.02053307183086872], "value_after": [-0.23459757691246486]}