{"tensor_location": [[436, 793]], "criterion_score": [0.7608], "layer_name": ["encoder.layers.encoder_layer_10.mlp.3.weight"], "value_before": [-0.015537095256149769], "value_after": [0.4417935201586638]}