{"tensor_location": [[755, 1735]], "criterion_score": [0.7608], "layer_name": ["encoder.layers.encoder_layer_7.mlp.3.weight"], "value_before": [-0.050385478883981705], "value_after": [0.01781965501143376]}