{"tensor_location": [[746]], "criterion_score": [0.7632], "layer_name": ["encoder.layers.encoder_layer_7.mlp.3.bias"], "value_before": [0.0003621997602749616], "value_after": [-0.6424670290101973]}