{"tensor_location": [[290, 2493]], "criterion_score": [0.7606], "layer_name": ["encoder.layers.encoder_layer_4.mlp.3.weight"], "value_before": [0.015520855784416199], "value_after": [0.35830206380610685]}