{"tensor_location": [[557, 352]], "criterion_score": [0.7608], "layer_name": ["heads.head.weight"], "value_before": [0.038036346435546875], "value_after": [2.730771102685033]}