{"tensor_location": [[282, 379]], "criterion_score": [0.7612], "layer_name": ["encoder.layers.encoder_layer_6.mlp.3.weight"], "value_before": [0.007706207688897848], "value_after": [0.5551817362797127]}