{"tensor_location": [[1882, 242]], "criterion_score": [0.7608], "layer_name": ["encoder.layers.encoder_layer_8.mlp.0.weight"], "value_before": [-0.053773876279592514], "value_after": [0.6178077814261722]}