{"tensor_location": [[2430]], "criterion_score": [0.0066], "layer_name": ["encoder.layers.encoder_layer_3.mlp.0.bias"], "value_before": [-0.007738124579191208], "value_after": [24.537075434671245]}