{"tensor_location": [[145]], "criterion_score": [0.7614], "layer_name": ["encoder.layers.encoder_layer_7.mlp.3.bias"], "value_before": [0.0033024619333446026], "value_after": [0.22508493499806653]}