{"tensor_location": [[271, 1647]], "criterion_score": [0.761], "layer_name": ["encoder.layers.encoder_layer_10.mlp.3.weight"], "value_before": [0.0028531986754387617], "value_after": [0.06717305009088619]}