{"tensor_location": [[718, 2893]], "criterion_score": [0.7608], "layer_name": ["encoder.layers.encoder_layer_6.mlp.3.weight"], "value_before": [-0.007412600796669722], "value_after": [7.172772336650602]}