{"tensor_location": [[194, 2290]], "criterion_score": [0.7608], "layer_name": ["encoder.layers.encoder_layer_2.mlp.3.weight"], "value_before": [0.005693834740668535], "value_after": [0.16054855531336906]}