{"tensor_location": [[142]], "criterion_score": [0.7608], "layer_name": ["encoder.layers.encoder_layer_11.mlp.3.bias"], "value_before": [-0.001212460920214653], "value_after": [-0.0015016730425169553]}