{"tensor_location": [[735]], "criterion_score": [0.7606], "layer_name": ["encoder.layers.encoder_layer_0.ln_2.bias"], "value_before": [-0.0007675342494621873], "value_after": [-0.6376851139271202]}