{"tensor_location": [[0, 0, 185]], "criterion_score": [0.761], "layer_name": ["class_token"], "value_before": [-0.0005338262999430299], "value_after": [0.20594418772773448]}