{"tensor_location": [[649]], "criterion_score": [0.7604], "layer_name": ["encoder.layers.encoder_layer_7.mlp.3.bias"], "value_before": [0.00011800752690760419], "value_after": [1.0054095252509365]}