{"tensor_location": [[301]], "criterion_score": [0.7606], "layer_name": ["heads.head.bias"], "value_before": [0.0015422396827489138], "value_after": [-1.0726357158855142]}