{"tensor_location": [[869, 174]], "criterion_score": [0.7608], "layer_name": ["encoder.layers.encoder_layer_0.mlp.0.weight"], "value_before": [-0.023678669705986977], "value_after": [-0.4895062811488452]}