{"tensor_location": [[3040]], "criterion_score": [0.7606], "layer_name": ["encoder.layers.encoder_layer_7.mlp.0.bias"], "value_before": [-0.029658205807209015], "value_after": [0.47058862272320734]}