{"tensor_location": [[493]], "criterion_score": [0.7606], "layer_name": ["encoder.ln.bias"], "value_before": [0.015894737094640732], "value_after": [0.08943524327038074]}