{"tensor_location": [[590]], "criterion_score": [0.7608], "layer_name": ["encoder.layers.encoder_layer_1.ln_2.bias"], "value_before": [0.00045452217455022037], "value_after": [0.6286551448126643]}