{"tensor_location": [[274, 2971]], "criterion_score": [0.7606], "layer_name": ["encoder.layers.encoder_layer_7.mlp.3.weight"], "value_before": [-0.01778956688940525], "value_after": [-0.9034438532739425]}