{"tensor_location": [[249, 266]], "criterion_score": [0.7608], "layer_name": ["encoder.layers.encoder_layer_7.mlp.0.weight"], "value_before": [-0.040107741951942444], "value_after": [0.021466166332777384]}