{"tensor_location": [[405]], "criterion_score": [0.7608], "layer_name": ["encoder.layers.encoder_layer_5.ln_2.weight"], "value_before": [-0.005948392208665609], "value_after": [0.011867811574431213]}