{"tensor_location": [[1757, 144]], "criterion_score": [0.7608], "layer_name": ["encoder.layers.encoder_layer_3.mlp.0.weight"], "value_before": [-0.002848072675988078], "value_after": [6.6342653975223165]}