{"tensor_location": [[758, 144]], "criterion_score": [0.7612], "layer_name": ["encoder.layers.encoder_layer_2.mlp.3.weight"], "value_before": [0.0015133119886741042], "value_after": [-5.095844187610543]}