{"tensor_location": [[2408]], "criterion_score": [0.7538], "layer_name": ["encoder.layers.encoder_layer_3.mlp.0.bias"], "value_before": [-0.004368194378912449], "value_after": [2.4045623444969695]}