{"tensor_location": [[175]], "criterion_score": [0.7484], "layer_name": ["encoder.layers.encoder_layer_10.mlp.3.bias"], "value_before": [0.001706162467598915], "value_after": [-4.2691777102516815]}