{"tensor_location": [[147, 1193]], "criterion_score": [0.761], "layer_name": ["encoder.layers.encoder_layer_4.mlp.3.weight"], "value_before": [0.017348166555166245], "value_after": [-4.729767895256602]}