{"tensor_location": [[0, 0, 301]], "criterion_score": [0.0994], "layer_name": ["class_token"], "value_before": [-0.000509255682118237], "value_after": [0.5727857447713638]}