{"tensor_location": [[164, 1846]], "criterion_score": [0.7602], "layer_name": ["encoder.layers.encoder_layer_8.mlp.3.weight"], "value_before": [0.0569140762090683], "value_after": [0.8535412221709535]}