{"tensor_location": [[185, 2182]], "criterion_score": [0.7608], "layer_name": ["encoder.layers.encoder_layer_8.mlp.3.weight"], "value_before": [-0.04745582863688469], "value_after": [41.014665172541186]}