{"tensor_location": [[3012, 4]], "criterion_score": [0.7604], "layer_name": ["encoder.layers.encoder_layer_1.mlp.0.weight"], "value_before": [-0.0027373326011002064], "value_after": [-0.40303957190754597]}