{"tensor_location": [[760]], "criterion_score": [0.761], "layer_name": ["encoder.ln.bias"], "value_before": [-0.03510286286473274], "value_after": [0.05914837749329965]}