{"tensor_location": [[2596]], "criterion_score": [0.7608], "layer_name": ["encoder.layers.encoder_layer_8.mlp.0.bias"], "value_before": [-0.015171047300100327], "value_after": [0.010712146708770541]}