{"tensor_location": [[463]], "criterion_score": [0.7604], "layer_name": ["encoder.layers.encoder_layer_5.ln_2.bias"], "value_before": [0.0007532381569035351], "value_after": [0.2205216222286594]}