{"tensor_location": [[283]], "criterion_score": [0.7604], "layer_name": ["conv_proj.bias"], "value_before": [-0.10919388383626938], "value_after": [0.7229715355948417]}