{"tensor_location": [[2458, 671]], "criterion_score": [0.7606], "layer_name": ["encoder.layers.encoder_layer_1.mlp.0.weight"], "value_before": [-0.004509730264544487], "value_after": [-7.762476050387304]}