{"tensor_location": [[1755, 344]], "criterion_score": [0.7608], "layer_name": ["encoder.layers.encoder_layer_10.mlp.0.weight"], "value_before": [-0.0040473719127476215], "value_after": [-0.5679328963154272]}