{"tensor_location": [[1167, 695]], "criterion_score": [0.7608], "layer_name": ["encoder.layers.encoder_layer_8.mlp.0.weight"], "value_before": [-0.009513738565146923], "value_after": [0.20666950338622625]}