{"tensor_location": [[580]], "criterion_score": [0.7608], "layer_name": ["encoder.layers.encoder_layer_2.ln_1.bias"], "value_before": [-0.008449971675872803], "value_after": [-0.28016697298123966]}