{"tensor_location": [[527, 513]], "criterion_score": [0.7606], "layer_name": ["encoder.layers.encoder_layer_3.mlp.0.weight"], "value_before": [-0.002745189471170306], "value_after": [-0.9996572834820622]}