{"tensor_location": [[33, 358]], "criterion_score": [0.7608], "layer_name": ["encoder.layers.encoder_layer_11.mlp.0.weight"], "value_before": [-0.007486959919333458], "value_after": [0.04757497516482741]}