{"tensor_location": [[0, 0, 209]], "criterion_score": [0.7372], "layer_name": ["class_token"], "value_before": [-0.0006325995200313628], "value_after": [-0.35576524836409423]}