{"tensor_location": [[626]], "criterion_score": [0.7606], "layer_name": ["encoder.layers.encoder_layer_10.ln_1.bias"], "value_before": [0.003806332591921091], "value_after": [-0.0105496069187034]}