{"tensor_location": [[219]], "criterion_score": [0.7608], "layer_name": ["conv_proj.bias"], "value_before": [-0.006488010287284851], "value_after": [-0.891742904883914]}