{"tensor_location": [[427]], "criterion_score": [0.7594], "layer_name": ["encoder.layers.encoder_layer_5.mlp.0.bias"], "value_before": [0.0065224082209169865], "value_after": [2.2659183761673747]}