{"tensor_location": [[147]], "criterion_score": [0.7598], "layer_name": ["encoder.layers.encoder_layer_4.ln_1.bias"], "value_before": [0.0009337113006040454], "value_after": [-3.6589194755685734]}