{"tensor_location": [[146]], "criterion_score": [0.7608], "layer_name": ["encoder.layers.encoder_layer_2.ln_1.weight"], "value_before": [0.014605110511183739], "value_after": [-0.002719421152500446]}