{"tensor_location": [[275]], "criterion_score": [0.7604], "layer_name": ["encoder.layers.encoder_layer_7.ln_1.bias"], "value_before": [-0.017259232699871063], "value_after": [-0.11492161951674634]}