{"tensor_location": [[0, 48, 8]], "criterion_score": [0.7608], "layer_name": ["encoder.pos_embedding"], "value_before": [-0.06378775835037231], "value_after": [-0.904229255870035]}