{"tensor_location": [[688]], "criterion_score": [0.7614], "layer_name": ["encoder.ln.bias"], "value_before": [-0.00856741238385439], "value_after": [3.1629390358366414]}