{"tensor_location": [[523, 496]], "criterion_score": [0.741], "layer_name": ["heads.head.weight"], "value_before": [0.02521957829594612], "value_after": [-6.868205338193986]}