{"tensor_location": [[2547, 517]], "criterion_score": [0.7608], "layer_name": ["encoder.layers.encoder_layer_9.mlp.0.weight"], "value_before": [-0.014738453552126884], "value_after": [0.11089042300047378]}