{"tensor_location": [[232, 123]], "criterion_score": [0.7608], "layer_name": ["encoder.layers.encoder_layer_0.mlp.0.weight"], "value_before": [0.00407970417290926], "value_after": [1.8195595048005084]}