{"tensor_location": [[902]], "criterion_score": [0.7606], "layer_name": ["encoder.layers.encoder_layer_5.mlp.0.bias"], "value_before": [-0.0036333564203232527], "value_after": [0.1305872434164916]}