{"tensor_location": [[636]], "criterion_score": [0.7486], "layer_name": ["encoder.layers.encoder_layer_9.mlp.3.bias"], "value_before": [0.0068821595050394535], "value_after": [-3.2304661833814463]}