{"tensor_location": [[554]], "criterion_score": [0.76], "layer_name": ["encoder.ln.bias"], "value_before": [0.0018083051545545459], "value_after": [-0.9626979596957412]}