{"tensor_location": [[2339, 22]], "criterion_score": [0.7608], "layer_name": ["encoder.layers.encoder_layer_1.mlp.0.weight"], "value_before": [-0.00999584048986435], "value_after": [1.6272985020812554]}