{"tensor_location": [[637, 1999]], "criterion_score": [0.7608], "layer_name": ["encoder.layers.encoder_layer_2.mlp.3.weight"], "value_before": [0.0034777112305164337], "value_after": [-0.565172996598952]}