{"tensor_location": [[2178]], "criterion_score": [0.7608], "layer_name": ["encoder.layers.encoder_layer_10.mlp.0.bias"], "value_before": [-0.02599908411502838], "value_after": [-0.02017792725089161]}