{"tensor_location": [[537, 554]], "criterion_score": [0.7608], "layer_name": ["encoder.layers.encoder_layer_1.mlp.3.weight"], "value_before": [-0.009986166842281818], "value_after": [-1.5438758111471707]}