{"tensor_location": [[357]], "criterion_score": [0.7602], "layer_name": ["encoder.layers.encoder_layer_3.ln_2.bias"], "value_before": [-0.00023918013903312385], "value_after": [-0.43477199934663574]}