{"tensor_location": [[211]], "criterion_score": [0.7626], "layer_name": ["encoder.layers.encoder_layer_0.mlp.3.bias"], "value_before": [0.00019879340834449977], "value_after": [-0.5004091492608224]}