{"tensor_location": [[327]], "criterion_score": [0.7612], "layer_name": ["encoder.layers.encoder_layer_2.mlp.0.bias"], "value_before": [0.0008488858002237976], "value_after": [-0.2546379913823257]}