{"tensor_location": [[635]], "criterion_score": [0.7614], "layer_name": ["encoder.ln.weight"], "value_before": [0.5643473267555237], "value_after": [1.0207695719737109]}