{"tensor_location": [[1439, 478]], "criterion_score": [0.7608], "layer_name": ["encoder.layers.encoder_layer_6.mlp.0.weight"], "value_before": [-0.002149176551029086], "value_after": [-3.7521293410313317]}