{"tensor_location": [[0, 30, 488]], "criterion_score": [0.7608], "layer_name": ["encoder.pos_embedding"], "value_before": [-0.00882924348115921], "value_after": [0.25702172980455534]}