{"tensor_location": [[873, 278]], "criterion_score": [0.7608], "layer_name": ["encoder.layers.encoder_layer_2.mlp.0.weight"], "value_before": [-0.007500363979488611], "value_after": [-0.9390931850651728]}