{"tensor_location": [[354]], "criterion_score": [0.7612], "layer_name": ["encoder.layers.encoder_layer_9.ln_1.bias"], "value_before": [-0.032983820885419846], "value_after": [-0.17704255284361725]}