{"tensor_location": [[1554, 59]], "criterion_score": [0.761], "layer_name": ["encoder.layers.encoder_layer_6.mlp.0.weight"], "value_before": [0.020757999271154404], "value_after": [1.4643394303562234]}