{"tensor_location": [[1344]], "criterion_score": [0.7614], "layer_name": ["encoder.layers.encoder_layer_0.mlp.0.bias"], "value_before": [0.011665575206279755], "value_after": [0.5110700983936632]}