{"tensor_location": [[204]], "criterion_score": [0.7572], "layer_name": ["encoder.layers.encoder_layer_0.mlp.3.bias"], "value_before": [-0.0011877838987857103], "value_after": [1.9015659243205147]}