{"tensor_location": [[666, 2604]], "criterion_score": [0.7608], "layer_name": ["encoder.layers.encoder_layer_0.mlp.3.weight"], "value_before": [-0.07258646190166473], "value_after": [-1.1065325183074115]}