{"tensor_location": [[1967, 372]], "criterion_score": [0.7608], "layer_name": ["encoder.layers.encoder_layer_1.mlp.0.weight"], "value_before": [0.014980891719460487], "value_after": [-0.3396133740392167]}