{"tensor_location": [[2804, 561]], "criterion_score": [0.7606], "layer_name": ["encoder.layers.encoder_layer_9.mlp.0.weight"], "value_before": [-0.02586597390472889], "value_after": [0.23966215100935412]}