{"tensor_location": [[677]], "criterion_score": [0.7614], "layer_name": ["encoder.layers.encoder_layer_7.mlp.3.bias"], "value_before": [-0.0001876749302027747], "value_after": [0.2745355275840394]}