{"tensor_location": [[298]], "criterion_score": [0.761], "layer_name": ["encoder.ln.weight"], "value_before": [0.6597223281860352], "value_after": [0.9956202547283239]}