{"tensor_location": [[664, 500]], "criterion_score": [0.7608], "layer_name": ["encoder.layers.encoder_layer_0.mlp.0.weight"], "value_before": [0.004234071355313063], "value_after": [0.7099456954924148]}