{"tensor_location": [[420]], "criterion_score": [0.7606], "layer_name": ["encoder.layers.encoder_layer_0.ln_1.bias"], "value_before": [0.027113009244203568], "value_after": [0.06005675891475609]}