{"tensor_location": [[664]], "criterion_score": [0.761], "layer_name": ["encoder.layers.encoder_layer_10.mlp.3.bias"], "value_before": [0.002351831179112196], "value_after": [-0.38987453236471176]}