{"tensor_location": [[399, 583]], "criterion_score": [0.7602], "layer_name": ["heads.head.weight"], "value_before": [0.03388023003935814], "value_after": [-3.719329608212045]}