{"tensor_location": [[1540, 78]], "criterion_score": [0.7608], "layer_name": ["encoder.layers.encoder_layer_8.mlp.0.weight"], "value_before": [0.02824544534087181], "value_after": [-0.3632574711763311]}