{"tensor_location": [[1430]], "criterion_score": [0.7608], "layer_name": ["encoder.layers.encoder_layer_5.mlp.0.bias"], "value_before": [-0.012176334857940674], "value_after": [-0.21823588451362436]}