{"tensor_location": [[616]], "criterion_score": [0.7598], "layer_name": ["encoder.layers.encoder_layer_8.ln_2.bias"], "value_before": [0.0054053147323429585], "value_after": [0.8179986082435309]}