{"tensor_location": [[2139, 182]], "criterion_score": [0.7608], "layer_name": ["encoder.layers.encoder_layer_8.mlp.0.weight"], "value_before": [-0.014067973010241985], "value_after": [0.019994348420363087]}