{"tensor_location": [[2752]], "criterion_score": [0.7594], "layer_name": ["encoder.layers.encoder_layer_10.mlp.0.bias"], "value_before": [-0.020115679129958153], "value_after": [2.237905855766107]}