{"tensor_location": [[0, 0, 203]], "criterion_score": [0.7598], "layer_name": ["class_token"], "value_before": [-0.004992328118532896], "value_after": [0.07257072672387768]}