{"tensor_location": [[2552]], "criterion_score": [0.7606], "layer_name": ["encoder.layers.encoder_layer_10.mlp.0.bias"], "value_before": [-0.020639117807149887], "value_after": [-0.4344676107939559]}