{"tensor_location": [[2242]], "criterion_score": [0.7606], "layer_name": ["encoder.layers.encoder_layer_0.mlp.0.bias"], "value_before": [-0.0002673058770596981], "value_after": [0.32500710818214723]}