{"tensor_location": [[66]], "criterion_score": [0.7614], "layer_name": ["encoder.layers.encoder_layer_2.ln_2.bias"], "value_before": [-0.00036069302586838603], "value_after": [0.8031095645993759]}