{"tensor_location": [[717, 998]], "criterion_score": [0.7606], "layer_name": ["encoder.layers.encoder_layer_7.mlp.3.weight"], "value_before": [0.015757035464048386], "value_after": [-0.518733511705362]}