{"tensor_location": [[763]], "criterion_score": [0.7608], "layer_name": ["heads.head.bias"], "value_before": [0.006534888409078121], "value_after": [1.0812791864655944]}