{"tensor_location": [[384]], "criterion_score": [0.7604], "layer_name": ["encoder.ln.weight"], "value_before": [0.22887326776981354], "value_after": [0.8557744261251179]}