{"tensor_location": [[1051, 383]], "criterion_score": [0.7608], "layer_name": ["encoder.layers.encoder_layer_8.mlp.0.weight"], "value_before": [-0.014608639292418957], "value_after": [-0.18934963012252673]}