{"tensor_location": [[0, 0, 609]], "criterion_score": [0.0904], "layer_name": ["class_token"], "value_before": [-0.0004910365678369999], "value_after": [0.6398559006858234]}