{"tensor_location": [[298]], "criterion_score": [0.7606], "layer_name": ["encoder.layers.encoder_layer_3.ln_1.bias"], "value_before": [-0.00026076650829054415], "value_after": [-0.034949816123600375]}