{"tensor_location": [[1519, 692]], "criterion_score": [0.7608], "layer_name": ["encoder.layers.encoder_layer_4.mlp.0.weight"], "value_before": [-0.013179016299545765], "value_after": [-0.21909922086952358]}