{"tensor_location": [[2475, 514]], "criterion_score": [0.7606], "layer_name": ["encoder.layers.encoder_layer_5.mlp.0.weight"], "value_before": [0.04425964877009392], "value_after": [0.9836627225579125]}