{"tensor_location": [[19, 1565]], "criterion_score": [0.7608], "layer_name": ["encoder.layers.encoder_layer_10.mlp.3.weight"], "value_before": [0.012372183613479137], "value_after": [0.7056473828135518]}