{"tensor_location": [[733]], "criterion_score": [0.7608], "layer_name": ["encoder.layers.encoder_layer_0.ln_1.bias"], "value_before": [-0.0011371925938874483], "value_after": [0.03851373530989644]}