{"tensor_location": [[616]], "criterion_score": [0.7606], "layer_name": ["encoder.layers.encoder_layer_5.ln_2.bias"], "value_before": [-0.0021724808029830456], "value_after": [-0.09962508309614074]}