{"tensor_location": [[1432, 116]], "criterion_score": [0.7608], "layer_name": ["encoder.layers.encoder_layer_5.mlp.0.weight"], "value_before": [-0.022664986550807953], "value_after": [0.047667751618951995]}