{"tensor_location": [[357]], "criterion_score": [0.7544], "layer_name": ["conv_proj.bias"], "value_before": [-0.1011807918548584], "value_after": [-2.432544039986344]}