{"tensor_location": [[2744]], "criterion_score": [0.7608], "layer_name": ["encoder.layers.encoder_layer_8.mlp.0.bias"], "value_before": [-0.016952360048890114], "value_after": [-0.12225615888090781]}