{"tensor_location": [[799, 618]], "criterion_score": [0.7608], "layer_name": ["encoder.layers.encoder_layer_10.mlp.0.weight"], "value_before": [-0.03918897733092308], "value_after": [-0.2809015699356777]}