{"tensor_location": [[648]], "criterion_score": [0.7608], "layer_name": ["heads.head.bias"], "value_before": [-0.02303299494087696], "value_after": [0.13824593012645334]}