{"tensor_location": [[471, 2165]], "criterion_score": [0.7598], "layer_name": ["encoder.layers.encoder_layer_2.mlp.3.weight"], "value_before": [-0.007535163313150406], "value_after": [1.1119544565196986]}