{"tensor_location": [[2854, 493]], "criterion_score": [0.7604], "layer_name": ["encoder.layers.encoder_layer_4.mlp.0.weight"], "value_before": [0.019599072635173798], "value_after": [-1.0864933979270521]}