{"tensor_location": [[508]], "criterion_score": [0.0092], "layer_name": ["encoder.layers.encoder_layer_5.mlp.3.bias"], "value_before": [-0.0008825364056974649], "value_after": [25.419924531360518]}