{"tensor_location": [[406]], "criterion_score": [0.7608], "layer_name": ["encoder.layers.encoder_layer_5.ln_1.weight"], "value_before": [0.0025440251920372248], "value_after": [0.32853959808893446]}