{"tensor_location": [[240, 1582]], "criterion_score": [0.7606], "layer_name": ["encoder.layers.encoder_layer_4.mlp.3.weight"], "value_before": [0.0033770916052162647], "value_after": [-0.2326300624716918]}