{"tensor_location": [[867, 566]], "criterion_score": [0.7608], "layer_name": ["encoder.layers.encoder_layer_6.mlp.0.weight"], "value_before": [-0.025798793882131577], "value_after": [2.6337471341140852]}