{"tensor_location": [[356]], "criterion_score": [0.7608], "layer_name": ["encoder.ln.bias"], "value_before": [0.013116142712533474], "value_after": [-0.24393842664223048]}