{"tensor_location": [[208, 2432]], "criterion_score": [0.7606], "layer_name": ["encoder.layers.encoder_layer_1.mlp.3.weight"], "value_before": [0.0009990234393626451], "value_after": [-1.4759091519251664]}