{"tensor_location": [[2681]], "criterion_score": [0.7608], "layer_name": ["encoder.layers.encoder_layer_1.mlp.0.bias"], "value_before": [-0.008884203620254993], "value_after": [0.08201280529280167]}