{"tensor_location": [[2658, 398]], "criterion_score": [0.7608], "layer_name": ["encoder.layers.encoder_layer_1.mlp.0.weight"], "value_before": [0.0010853632120415568], "value_after": [0.13134886754130862]}