{"tensor_location": [[470]], "criterion_score": [0.7604], "layer_name": ["encoder.layers.encoder_layer_3.mlp.3.bias"], "value_before": [0.0010825823992490768], "value_after": [-0.2572205437247903]}