{"tensor_location": [[716, 2, 20, 20]], "criterion_score": [0.761], "layer_name": ["conv_proj.weight"], "value_before": [0.0024616941809654236], "value_after": [2.0780761776687133]}