{"tensor_location": [[444, 1618]], "criterion_score": [0.7608], "layer_name": ["encoder.layers.encoder_layer_1.mlp.3.weight"], "value_before": [-0.011941329576075077], "value_after": [0.21223954301672626]}