{"tensor_location": [[149, 841]], "criterion_score": [0.7522], "layer_name": ["encoder.layers.encoder_layer_1.mlp.3.weight"], "value_before": [0.024519361555576324], "value_after": [-17.052400227791747]}