{"tensor_location": [[2647, 74]], "criterion_score": [0.7606], "layer_name": ["encoder.layers.encoder_layer_1.mlp.0.weight"], "value_before": [-0.003996825311332941], "value_after": [-1.2352746556810634]}