{"tensor_location": [[276]], "criterion_score": [0.7616], "layer_name": ["encoder.layers.encoder_layer_2.mlp.3.bias"], "value_before": [0.0008343479130417109], "value_after": [-0.4834835086489246]}