{"tensor_location": [[163]], "criterion_score": [0.7604], "layer_name": ["conv_proj.bias"], "value_before": [-0.012219488620758057], "value_after": [0.4059138874449278]}