{"tensor_location": [[0, 0, 138]], "criterion_score": [0.7544], "layer_name": ["class_token"], "value_before": [0.0076873148791491985], "value_after": [-0.3246868924633954]}