{"tensor_location": [[360]], "criterion_score": [0.7594], "layer_name": ["encoder.layers.encoder_layer_6.mlp.3.bias"], "value_before": [-0.00037151906872168183], "value_after": [-1.2836086012710577]}