{"tensor_location": [[362]], "criterion_score": [0.7602], "layer_name": ["encoder.ln.bias"], "value_before": [-0.002629648894071579], "value_after": [-2.964105662089967]}