{"tensor_location": [[2694, 321]], "criterion_score": [0.7608], "layer_name": ["encoder.layers.encoder_layer_11.mlp.0.weight"], "value_before": [0.0023360704071819782], "value_after": [0.23344223961893118]}