{"tensor_location": [[290]], "criterion_score": [0.7606], "layer_name": ["encoder.layers.encoder_layer_9.ln_1.bias"], "value_before": [-0.012264970690011978], "value_after": [-0.029002429400241475]}