{"tensor_location": [[419, 53]], "criterion_score": [0.7608], "layer_name": ["heads.head.weight"], "value_before": [0.021134544163942337], "value_after": [-4.145393838890973]}