{"tensor_location": [[454]], "criterion_score": [0.7604], "layer_name": ["encoder.layers.encoder_layer_0.mlp.0.bias"], "value_before": [-0.0010849700774997473], "value_after": [1.4371533183265977]}