{"tensor_location": [[291]], "criterion_score": [0.7602], "layer_name": ["encoder.layers.encoder_layer_5.ln_1.bias"], "value_before": [0.019741583615541458], "value_after": [-0.08409808776098435]}