{"tensor_location": [[83]], "criterion_score": [0.7606], "layer_name": ["encoder.layers.encoder_layer_3.ln_2.bias"], "value_before": [-0.00026473519392311573], "value_after": [0.3188354748973783]}