{"tensor_location": [[59]], "criterion_score": [0.7608], "layer_name": ["conv_proj.bias"], "value_before": [0.0012550813844427466], "value_after": [0.6328244586706591]}