{"tensor_location": [[124, 1801]], "criterion_score": [0.7606], "layer_name": ["encoder.layers.encoder_layer_2.mlp.3.weight"], "value_before": [-0.0010387685615569353], "value_after": [-1.7986071100032917]}