{"tensor_location": [[640]], "criterion_score": [0.7608], "layer_name": ["encoder.layers.encoder_layer_1.ln_2.bias"], "value_before": [0.032665565609931946], "value_after": [0.48297297173937137]}