{"tensor_location": [[361]], "criterion_score": [0.7618], "layer_name": ["encoder.layers.encoder_layer_10.mlp.3.bias"], "value_before": [0.0026626053731888533], "value_after": [1.036153972064751]}