{"tensor_location": [[303]], "criterion_score": [0.761], "layer_name": ["encoder.layers.encoder_layer_1.ln_1.bias"], "value_before": [-0.00038091998430900276], "value_after": [0.30782577761623153]}