{"tensor_location": [[0, 4, 201]], "criterion_score": [0.7608], "layer_name": ["encoder.pos_embedding"], "value_before": [0.0038550281897187233], "value_after": [-1.3312741307754767]}