{"tensor_location": [[167]], "criterion_score": [0.7604], "layer_name": ["encoder.layers.encoder_layer_0.ln_1.bias"], "value_before": [-0.0002005620044656098], "value_after": [0.9003133817650013]}