{"tensor_location": [[262, 86]], "criterion_score": [0.7608], "layer_name": ["encoder.layers.encoder_layer_3.mlp.3.weight"], "value_before": [-0.0013985901605337858], "value_after": [0.3398946694149198]}