{"tensor_location": [[68, 61]], "criterion_score": [0.7608], "layer_name": ["encoder.layers.encoder_layer_9.mlp.3.weight"], "value_before": [-0.0038668951019644737], "value_after": [0.5422948043612644]}