{"tensor_location": [[752, 151]], "criterion_score": [0.7606], "layer_name": ["encoder.layers.encoder_layer_0.mlp.3.weight"], "value_before": [0.0006131588015705347], "value_after": [-1.7052034236516138]}