{"tensor_location": [[0, 0, 262]], "criterion_score": [0.0966], "layer_name": ["class_token"], "value_before": [0.026268592104315758], "value_after": [1.690436785366959]}