{"tensor_location": [[598, 467]], "criterion_score": [0.7604], "layer_name": ["encoder.layers.encoder_layer_3.mlp.3.weight"], "value_before": [0.0031015819404274225], "value_after": [-0.8828152174971023]}