{"tensor_location": [[284]], "criterion_score": [0.76], "layer_name": ["conv_proj.bias"], "value_before": [0.0010992021998390555], "value_after": [1.5959152712993248]}