{"tensor_location": [[574]], "criterion_score": [0.7612], "layer_name": ["encoder.ln.bias"], "value_before": [0.030000606551766396], "value_after": [2.0419876761911264]}