{"tensor_location": [[472]], "criterion_score": [0.7632], "layer_name": ["encoder.layers.encoder_layer_1.mlp.3.bias"], "value_before": [0.0010768367210403085], "value_after": [-0.5090034431659087]}