{"tensor_location": [[2018, 69]], "criterion_score": [0.761], "layer_name": ["encoder.layers.encoder_layer_3.mlp.0.weight"], "value_before": [-0.037697140127420425], "value_after": [0.9759864442717203]}