{"tensor_location": [[707]], "criterion_score": [0.7608], "layer_name": ["encoder.layers.encoder_layer_1.ln_1.bias"], "value_before": [-0.00013344119361136109], "value_after": [-0.48684055364118295]}