{"tensor_location": [[445, 867]], "criterion_score": [0.7608], "layer_name": ["encoder.layers.encoder_layer_11.mlp.3.weight"], "value_before": [0.030241742730140686], "value_after": [1.3470771607672425]}