{"tensor_location": [[2396, 390]], "criterion_score": [0.7606], "layer_name": ["encoder.layers.encoder_layer_9.mlp.0.weight"], "value_before": [0.0006567271193489432], "value_after": [0.4691319079553223]}