{"tensor_location": [[0, 0, 315]], "criterion_score": [0.7602], "layer_name": ["class_token"], "value_before": [-0.0005725710070692003], "value_after": [0.20342146461373536]}