{"tensor_location": [[598]], "criterion_score": [0.7606], "layer_name": ["encoder.layers.encoder_layer_11.ln_1.bias"], "value_before": [-0.011063111945986748], "value_after": [0.13681542495291152]}