{"tensor_location": [[482]], "criterion_score": [0.7608], "layer_name": ["conv_proj.bias"], "value_before": [-0.026527581736445427], "value_after": [-0.0481470572062528]}