{"tensor_location": [[2953]], "criterion_score": [0.7614], "layer_name": ["encoder.layers.encoder_layer_3.mlp.0.bias"], "value_before": [-0.0006490558153018355], "value_after": [-0.37641532316759624]}