{"tensor_location": [[273, 1833]], "criterion_score": [0.7608], "layer_name": ["encoder.layers.encoder_layer_2.mlp.3.weight"], "value_before": [-0.012753204442560673], "value_after": [0.6382655137801485]}