{"tensor_location": [[789]], "criterion_score": [0.7608], "layer_name": ["heads.head.bias"], "value_before": [-0.042675476521253586], "value_after": [-0.24256608086536002]}