{"tensor_location": [[0, 0, 143]], "criterion_score": [0.1016], "layer_name": ["class_token"], "value_before": [-0.0006559977191500366], "value_after": [-0.551880873605383]}