{"tensor_location": [[666, 483]], "criterion_score": [0.7608], "layer_name": ["encoder.layers.encoder_layer_5.mlp.0.weight"], "value_before": [-0.016666561365127563], "value_after": [1.1407861827263759]}