{"tensor_location": [[259, 0, 31, 11]], "criterion_score": [0.7608], "layer_name": ["conv_proj.weight"], "value_before": [0.0004066592955496162], "value_after": [0.03775661344824458]}