{"tensor_location": [[2761, 684]], "criterion_score": [0.7608], "layer_name": ["encoder.layers.encoder_layer_8.mlp.0.weight"], "value_before": [-0.009037202224135399], "value_after": [0.3037076290676864]}