{"tensor_location": [[150]], "criterion_score": [0.7604], "layer_name": ["encoder.layers.encoder_layer_11.ln_2.bias"], "value_before": [0.0017776775639504194], "value_after": [1.0649135316857852]}