{"tensor_location": [[1854, 202]], "criterion_score": [0.7608], "layer_name": ["encoder.layers.encoder_layer_3.mlp.0.weight"], "value_before": [-0.01323645282536745], "value_after": [6.960661456832181]}