{"tensor_location": [[3048, 640]], "criterion_score": [0.7608], "layer_name": ["encoder.layers.encoder_layer_1.mlp.0.weight"], "value_before": [-0.00835491344332695], "value_after": [0.47423620380464593]}