{"tensor_location": [[259]], "criterion_score": [0.7608], "layer_name": ["encoder.ln.weight"], "value_before": [0.6432575583457947], "value_after": [0.48314946847222195]}