{"tensor_location": [[725]], "criterion_score": [0.7614], "layer_name": ["encoder.layers.encoder_layer_0.ln_1.bias"], "value_before": [-0.0009224521927535534], "value_after": [-0.5614867903713467]}