{"tensor_location": [[593]], "criterion_score": [0.7608], "layer_name": ["encoder.layers.encoder_layer_0.ln_2.bias"], "value_before": [-0.002866059076040983], "value_after": [-0.03385933160524121]}