{"tensor_location": [[337]], "criterion_score": [0.7602], "layer_name": ["encoder.ln.weight"], "value_before": [0.5746591091156006], "value_after": [-0.2541998967622493]}