{"tensor_location": [[1453]], "criterion_score": [0.7608], "layer_name": ["encoder.layers.encoder_layer_5.mlp.0.bias"], "value_before": [-0.013574683107435703], "value_after": [0.014853455736430966]}