{"tensor_location": [[2076, 212]], "criterion_score": [0.7608], "layer_name": ["encoder.layers.encoder_layer_2.mlp.0.weight"], "value_before": [0.009154143743216991], "value_after": [-1.1176536125080037]}