{"tensor_location": [[162, 413]], "criterion_score": [0.7606], "layer_name": ["encoder.layers.encoder_layer_0.mlp.0.weight"], "value_before": [-0.004218663088977337], "value_after": [2.156640839541834]}