{"tensor_location": [[2192, 664]], "criterion_score": [0.7608], "layer_name": ["encoder.layers.encoder_layer_6.mlp.0.weight"], "value_before": [-0.015437872149050236], "value_after": [0.18706873298023288]}