{"tensor_location": [[288, 0, 0, 8]], "criterion_score": [0.7604], "layer_name": ["conv_proj.weight"], "value_before": [0.002517678774893284], "value_after": [-3.513303511574257]}