{"tensor_location": [[398, 2619]], "criterion_score": [0.761], "layer_name": ["encoder.layers.encoder_layer_3.mlp.3.weight"], "value_before": [0.010478828102350235], "value_after": [-0.9622722769171592]}