{"tensor_location": [[492]], "criterion_score": [0.7598], "layer_name": ["encoder.layers.encoder_layer_11.mlp.3.bias"], "value_before": [0.0011869786540046334], "value_after": [0.8393435473205341]}