{"tensor_location": [[2207]], "criterion_score": [0.761], "layer_name": ["encoder.layers.encoder_layer_2.mlp.0.bias"], "value_before": [-0.009666893631219864], "value_after": [0.25783568503792154]}