{"tensor_location": [[2425, 242]], "criterion_score": [0.7608], "layer_name": ["encoder.layers.encoder_layer_2.mlp.0.weight"], "value_before": [-0.0037493142299354076], "value_after": [2.209369908735572]}