{"tensor_location": [[564]], "criterion_score": [0.7614], "layer_name": ["encoder.ln.bias"], "value_before": [-0.008969896472990513], "value_after": [5.506654408931993]}