{"tensor_location": [[1293, 714]], "criterion_score": [0.7608], "layer_name": ["encoder.layers.encoder_layer_6.mlp.0.weight"], "value_before": [0.02321832813322544], "value_after": [0.0648920212715206]}