{"tensor_location": [[0, 20, 51]], "criterion_score": [0.7606], "layer_name": ["encoder.pos_embedding"], "value_before": [-0.050164736807346344], "value_after": [-0.17986787642249272]}