{"tensor_location": [[269, 166]], "criterion_score": [0.7616], "layer_name": ["encoder.layers.encoder_layer_11.mlp.3.weight"], "value_before": [0.028740063309669495], "value_after": [-1.924869405741627]}