{"tensor_location": [[485]], "criterion_score": [0.7606], "layer_name": ["encoder.layers.encoder_layer_10.mlp.3.bias"], "value_before": [0.0019243803108111024], "value_after": [0.7730271746913163]}