{"tensor_location": [[2733]], "criterion_score": [0.7608], "layer_name": ["encoder.layers.encoder_layer_0.mlp.0.bias"], "value_before": [-0.039716627448797226], "value_after": [0.08247799815077814]}