{"tensor_location": [[130, 863]], "criterion_score": [0.7612], "layer_name": ["encoder.layers.encoder_layer_6.mlp.3.weight"], "value_before": [-0.002876071259379387], "value_after": [0.8552480297069464]}