{"tensor_location": [[1071, 73]], "criterion_score": [0.7606], "layer_name": ["encoder.layers.encoder_layer_10.mlp.0.weight"], "value_before": [0.019218189641833305], "value_after": [-0.0656373804522283]}