{"tensor_location": [[178, 2528]], "criterion_score": [0.7606], "layer_name": ["encoder.layers.encoder_layer_5.mlp.3.weight"], "value_before": [-0.0015170190017670393], "value_after": [-0.5306906893618234]}