{"tensor_location": [[0, 31, 751]], "criterion_score": [0.7606], "layer_name": ["encoder.pos_embedding"], "value_before": [-0.048344168812036514], "value_after": [1.1430343821962647]}