{"tensor_location": [[619]], "criterion_score": [0.761], "layer_name": ["encoder.layers.encoder_layer_0.ln_1.weight"], "value_before": [0.00010428576933918521], "value_after": [0.4336646378329086]}