{"tensor_location": [[604, 1251]], "criterion_score": [0.7608], "layer_name": ["encoder.layers.encoder_layer_0.mlp.3.weight"], "value_before": [-0.007927831262350082], "value_after": [-0.10999100708290827]}