{"tensor_location": [[656]], "criterion_score": [0.7594], "layer_name": ["encoder.layers.encoder_layer_1.ln_1.bias"], "value_before": [-0.0004902831860817969], "value_after": [1.1060351825342232]}