{"tensor_location": [[120]], "criterion_score": [0.7608], "layer_name": ["heads.head.bias"], "value_before": [-0.017376720905303955], "value_after": [1.3771826694112075]}