{"tensor_location": [[0, 0, 602]], "criterion_score": [0.092], "layer_name": ["class_token"], "value_before": [0.005434695165604353], "value_after": [-0.7272648895269073]}