{"tensor_location": [[757, 2304]], "criterion_score": [0.7602], "layer_name": ["encoder.layers.encoder_layer_7.mlp.3.weight"], "value_before": [0.015725750476121902], "value_after": [1.8379365744612142]}