{"tensor_location": [[0, 30, 389]], "criterion_score": [0.7622], "layer_name": ["encoder.pos_embedding"], "value_before": [0.07206545025110245], "value_after": [4.339604456580489]}