{"tensor_location": [[0, 0, 751]], "criterion_score": [0.1456], "layer_name": ["class_token"], "value_before": [0.0020761778578162193], "value_after": [-0.46767820715028036]}