{"tensor_location": [[740, 758]], "criterion_score": [0.7606], "layer_name": ["heads.head.weight"], "value_before": [0.024356206879019737], "value_after": [3.5342427761133]}