{"tensor_location": [[2247, 498]], "criterion_score": [0.7608], "layer_name": ["encoder.layers.encoder_layer_0.mlp.0.weight"], "value_before": [0.006117862183600664], "value_after": [0.9523941675772065]}