{"tensor_location": [[66, 2354]], "criterion_score": [0.7614], "layer_name": ["encoder.layers.encoder_layer_11.mlp.3.weight"], "value_before": [0.028206462040543556], "value_after": [-2.0404021645999006]}