{"tensor_location": [[125]], "criterion_score": [0.7608], "layer_name": ["encoder.layers.encoder_layer_0.ln_1.bias"], "value_before": [-0.0033537985291332006], "value_after": [0.08574125152092778]}