{"tensor_location": [[2632, 614]], "criterion_score": [0.7606], "layer_name": ["encoder.layers.encoder_layer_7.mlp.0.weight"], "value_before": [-0.0007540861843153834], "value_after": [-2.109139335943859]}