{"tensor_location": [[671, 2970]], "criterion_score": [0.7608], "layer_name": ["encoder.layers.encoder_layer_0.mlp.3.weight"], "value_before": [-0.0022873978596180677], "value_after": [-6.168125403649866]}