{"tensor_location": [[1431, 756]], "criterion_score": [0.76], "layer_name": ["encoder.layers.encoder_layer_3.mlp.0.weight"], "value_before": [0.014226332306861877], "value_after": [-0.8647001704299162]}