{"tensor_location": [[734, 1786]], "criterion_score": [0.7608], "layer_name": ["encoder.layers.encoder_layer_0.mlp.3.weight"], "value_before": [0.0006438214331865311], "value_after": [0.4632572796979897]}