{"tensor_location": [[2677, 761]], "criterion_score": [0.7608], "layer_name": ["encoder.layers.encoder_layer_2.mlp.0.weight"], "value_before": [0.014721481129527092], "value_after": [0.3035988472510693]}