{"tensor_location": [[214, 1049]], "criterion_score": [0.7608], "layer_name": ["encoder.layers.encoder_layer_2.mlp.3.weight"], "value_before": [0.01378126721829176], "value_after": [0.4593699302243153]}