{"tensor_location": [[412, 477]], "criterion_score": [0.7608], "layer_name": ["encoder.layers.encoder_layer_10.mlp.3.weight"], "value_before": [-0.009077939204871655], "value_after": [-0.6089347179818069]}