{"tensor_location": [[635, 622]], "criterion_score": [0.7608], "layer_name": ["encoder.layers.encoder_layer_3.mlp.0.weight"], "value_before": [-0.026562582701444626], "value_after": [-1.5953947061166285]}