{"tensor_location": [[0, 25, 259]], "criterion_score": [0.7608], "layer_name": ["encoder.pos_embedding"], "value_before": [0.02534562535583973], "value_after": [-0.22649321814136186]}