{"tensor_location": [[209, 0, 16, 22]], "criterion_score": [0.7564], "layer_name": ["conv_proj.weight"], "value_before": [0.012139263562858105], "value_after": [-1.5132792410158125]}