{"tensor_location": [[753, 2300]], "criterion_score": [0.7608], "layer_name": ["encoder.layers.encoder_layer_7.mlp.3.weight"], "value_before": [-0.006899354979395866], "value_after": [1.8034186070083997]}