{"tensor_location": [[2701, 406]], "criterion_score": [0.7608], "layer_name": ["encoder.layers.encoder_layer_4.mlp.0.weight"], "value_before": [-0.013409482315182686], "value_after": [-1.4132240101543259]}