{"tensor_location": [[591]], "criterion_score": [0.3588], "layer_name": ["encoder.layers.encoder_layer_8.ln_1.bias"], "value_before": [-0.0031478863675147295], "value_after": [-17.182606700772634]}