{"tensor_location": [[396]], "criterion_score": [0.7606], "layer_name": ["encoder.layers.encoder_layer_0.ln_1.bias"], "value_before": [-0.00019002209592144936], "value_after": [-0.33896922141210256]}