{"tensor_location": [[1937, 723]], "criterion_score": [0.7608], "layer_name": ["encoder.layers.encoder_layer_4.mlp.0.weight"], "value_before": [-0.011685483157634735], "value_after": [-0.8129995078777726]}