{"tensor_location": [[393]], "criterion_score": [0.7618], "layer_name": ["conv_proj.bias"], "value_before": [0.0018530612578615546], "value_after": [-1.7252008206090805]}