{"tensor_location": [[0, 0, 403]], "criterion_score": [0.091], "layer_name": ["encoder.pos_embedding"], "value_before": [-0.0005294167785905302], "value_after": [1.185897058442132]}