{"tensor_location": [[979, 609]], "criterion_score": [0.7608], "layer_name": ["heads.head.weight"], "value_before": [-0.0426052026450634], "value_after": [-0.583190151427944]}