{"tensor_location": [[1975, 29]], "criterion_score": [0.7608], "layer_name": ["encoder.layers.encoder_layer_3.mlp.0.weight"], "value_before": [-0.031010940670967102], "value_after": [2.045254389695967]}