{"tensor_location": [[750]], "criterion_score": [0.7604], "layer_name": ["encoder.layers.encoder_layer_9.ln_1.bias"], "value_before": [-0.0003172718279529363], "value_after": [-0.8705350045593355]}