{"tensor_location": [[376]], "criterion_score": [0.758], "layer_name": ["conv_proj.bias"], "value_before": [0.0167471244931221], "value_after": [1.1801251998327869]}