{"tensor_location": [[367, 1413]], "criterion_score": [0.7608], "layer_name": ["encoder.layers.encoder_layer_4.mlp.3.weight"], "value_before": [-0.0055243466049432755], "value_after": [-0.09653315342259967]}