{"tensor_location": [[2553, 746]], "criterion_score": [0.7608], "layer_name": ["encoder.layers.encoder_layer_0.mlp.0.weight"], "value_before": [-0.02572360448539257], "value_after": [-0.003177692116157444]}