{"tensor_location": [[2052]], "criterion_score": [0.7608], "layer_name": ["encoder.layers.encoder_layer_8.mlp.0.bias"], "value_before": [-0.014276726171374321], "value_after": [0.8758413751702578]}