{"tensor_location": [[459, 1725]], "criterion_score": [0.7608], "layer_name": ["encoder.layers.encoder_layer_2.mlp.3.weight"], "value_before": [0.016546493396162987], "value_after": [0.1344134463434454]}