{"tensor_location": [[549, 2351]], "criterion_score": [0.7604], "layer_name": ["encoder.layers.encoder_layer_3.mlp.3.weight"], "value_before": [0.02050352469086647], "value_after": [-0.8827175982037334]}