{"tensor_location": [[186, 2042]], "criterion_score": [0.7608], "layer_name": ["encoder.layers.encoder_layer_0.mlp.3.weight"], "value_before": [0.013260886073112488], "value_after": [0.673408178173079]}