{"tensor_location": [[0, 0, 682]], "criterion_score": [0.0924], "layer_name": ["class_token"], "value_before": [-0.0007742211455479264], "value_after": [-0.9853453582869481]}