{"tensor_location": [[147]], "criterion_score": [0.7606], "layer_name": ["encoder.layers.encoder_layer_2.ln_2.bias"], "value_before": [0.00015776454529259354], "value_after": [1.188554523890571]}