{"tensor_location": [[230, 1525]], "criterion_score": [0.7608], "layer_name": ["encoder.layers.encoder_layer_2.mlp.3.weight"], "value_before": [0.029817963019013405], "value_after": [0.12124207393761628]}