{"tensor_location": [[124]], "criterion_score": [0.7614], "layer_name": ["encoder.ln.weight"], "value_before": [0.8015581965446472], "value_after": [0.37119682213868377]}