{"tensor_location": [[55, 555]], "criterion_score": [0.7608], "layer_name": ["encoder.layers.encoder_layer_11.mlp.0.weight"], "value_before": [0.06579974293708801], "value_after": [-0.5526404834839437]}