{"tensor_location": [[154, 503]], "criterion_score": [0.761], "layer_name": ["encoder.layers.encoder_layer_0.mlp.0.weight"], "value_before": [0.0039621093310415745], "value_after": [-0.884617479340955]}