{"tensor_location": [[106]], "criterion_score": [0.7602], "layer_name": ["encoder.layers.encoder_layer_0.ln_1.bias"], "value_before": [0.0003775338118430227], "value_after": [2.0322302638612726]}