{"tensor_location": [[701]], "criterion_score": [0.7606], "layer_name": ["encoder.layers.encoder_layer_11.ln_1.bias"], "value_before": [-0.0009390588384121656], "value_after": [0.9345720484281352]}