{"tensor_location": [[638, 2, 24, 30]], "criterion_score": [0.7494], "layer_name": ["conv_proj.weight"], "value_before": [0.0009638731135055423], "value_after": [-4.5796928235318335]}