{"tensor_location": [[148]], "criterion_score": [0.7616], "layer_name": ["encoder.layers.encoder_layer_2.ln_1.bias"], "value_before": [0.0014344025403261185], "value_after": [0.4195499920190409]}