{"tensor_location": [[343]], "criterion_score": [0.7606], "layer_name": ["encoder.layers.encoder_layer_10.ln_1.bias"], "value_before": [0.00042139197466894984], "value_after": [-0.30934448044696383]}