{"tensor_location": [[1977]], "criterion_score": [0.7592], "layer_name": ["encoder.layers.encoder_layer_1.mlp.0.bias"], "value_before": [-0.0028311917558312416], "value_after": [0.812185609529833]}