{"tensor_location": [[0, 0, 649]], "criterion_score": [0.761], "layer_name": ["class_token"], "value_before": [-0.006783945951610804], "value_after": [0.023778233369975296]}