{"tensor_location": [[51]], "criterion_score": [0.7608], "layer_name": ["encoder.layers.encoder_layer_2.ln_1.weight"], "value_before": [0.005824941676110029], "value_after": [0.025647422681409408]}