{"tensor_location": [[502]], "criterion_score": [0.7608], "layer_name": ["encoder.layers.encoder_layer_3.mlp.3.bias"], "value_before": [0.0050631919875741005], "value_after": [0.5546129670111961]}