{"tensor_location": [[607, 584]], "criterion_score": [0.7608], "layer_name": ["encoder.layers.encoder_layer_5.mlp.0.weight"], "value_before": [0.02386954426765442], "value_after": [1.6704852430150514]}