{"tensor_location": [[419, 159]], "criterion_score": [0.7608], "layer_name": ["encoder.layers.encoder_layer_3.mlp.0.weight"], "value_before": [0.002031253185123205], "value_after": [1.0191877499128732]}