{"tensor_location": [[177]], "criterion_score": [0.7596], "layer_name": ["encoder.layers.encoder_layer_5.ln_1.bias"], "value_before": [-0.022764503955841064], "value_after": [-0.24968865704330204]}