{"tensor_location": [[574]], "criterion_score": [0.7616], "layer_name": ["encoder.layers.encoder_layer_9.ln_1.bias"], "value_before": [-0.008411180227994919], "value_after": [-0.16476748116985981]}