{"tensor_location": [[0, 0, 373]], "criterion_score": [0.0892], "layer_name": ["class_token"], "value_before": [-0.0015106339706107974], "value_after": [-0.6827523156142501]}