{"tensor_location": [[246, 1, 10, 29]], "criterion_score": [0.7618], "layer_name": ["conv_proj.weight"], "value_before": [0.000643995008431375], "value_after": [0.6131425158357843]}