{"tensor_location": [[357]], "criterion_score": [0.7596], "layer_name": ["encoder.layers.encoder_layer_6.ln_2.bias"], "value_before": [-0.00012184170918771997], "value_after": [1.849930331033641]}