{"tensor_location": [[0, 0, 390]], "criterion_score": [0.0756], "layer_name": ["class_token"], "value_before": [-0.0020172963850200176], "value_after": [-11.505246285283647]}