{"tensor_location": [[517, 1874]], "criterion_score": [0.7534], "layer_name": ["encoder.layers.encoder_layer_11.mlp.3.weight"], "value_before": [-0.016086824238300323], "value_after": [27.509489643809147]}