{"tensor_location": [[580]], "criterion_score": [0.7608], "layer_name": ["conv_proj.bias"], "value_before": [-0.004763350822031498], "value_after": [-1.1284839770135242]}