{"tensor_location": [[1481]], "criterion_score": [0.7602], "layer_name": ["encoder.layers.encoder_layer_5.mlp.0.bias"], "value_before": [-0.00711482809856534], "value_after": [0.23616377424742604]}