{"tensor_location": [[982, 651]], "criterion_score": [0.7608], "layer_name": ["encoder.layers.encoder_layer_5.mlp.0.weight"], "value_before": [0.029500190168619156], "value_after": [0.5280910440504929]}