{"tensor_location": [[668]], "criterion_score": [0.7626], "layer_name": ["encoder.layers.encoder_layer_8.mlp.3.bias"], "value_before": [0.0025069378316402435], "value_after": [0.35890528172625946]}