{"tensor_location": [[488, 1651]], "criterion_score": [0.7608], "layer_name": ["encoder.layers.encoder_layer_5.mlp.3.weight"], "value_before": [-0.015256857499480247], "value_after": [-0.18936203622375433]}