{"tensor_location": [[657]], "criterion_score": [0.7594], "layer_name": ["encoder.layers.encoder_layer_11.mlp.3.bias"], "value_before": [0.000693713256623596], "value_after": [-2.9829202634517786]}