{"tensor_location": [[731, 450]], "criterion_score": [0.7606], "layer_name": ["encoder.layers.encoder_layer_5.mlp.3.weight"], "value_before": [0.022235732525587082], "value_after": [-0.5331720428031789]}