{"tensor_location": [[331]], "criterion_score": [0.7602], "layer_name": ["encoder.layers.encoder_layer_6.ln_1.bias"], "value_before": [0.0015700319781899452], "value_after": [1.1806667941182174]}