{"tensor_location": [[118]], "criterion_score": [0.7626], "layer_name": ["encoder.layers.encoder_layer_11.ln_2.bias"], "value_before": [-0.014271012507379055], "value_after": [2.3708561634274403]}