{"tensor_location": [[173, 2326]], "criterion_score": [0.7608], "layer_name": ["encoder.layers.encoder_layer_0.mlp.3.weight"], "value_before": [0.014717614278197289], "value_after": [-0.8340379341219586]}