{"tensor_location": [[700, 948]], "criterion_score": [0.7602], "layer_name": ["encoder.layers.encoder_layer_3.mlp.3.weight"], "value_before": [-0.017257438972592354], "value_after": [1.3673858187281274]}