{"tensor_location": [[139]], "criterion_score": [0.7592], "layer_name": ["encoder.ln.bias"], "value_before": [-0.0018621919443830848], "value_after": [-6.64284311936039]}