{"tensor_location": [[115]], "criterion_score": [0.7608], "layer_name": ["encoder.ln.weight"], "value_before": [0.7978690266609192], "value_after": [0.7718496332926676]}