{"tensor_location": [[2045]], "criterion_score": [0.7604], "layer_name": ["encoder.layers.encoder_layer_9.mlp.0.bias"], "value_before": [-0.023432131856679916], "value_after": [0.5070535634447578]}