{"tensor_location": [[24]], "criterion_score": [0.7608], "layer_name": ["encoder.layers.encoder_layer_0.ln_1.weight"], "value_before": [0.0002461677649989724], "value_after": [0.44850806571205204]}