{"tensor_location": [[1963, 202]], "criterion_score": [0.7608], "layer_name": ["encoder.layers.encoder_layer_6.mlp.0.weight"], "value_before": [0.005989372730255127], "value_after": [1.5405429786698082]}