{"tensor_location": [[1771, 50]], "criterion_score": [0.7608], "layer_name": ["encoder.layers.encoder_layer_6.mlp.0.weight"], "value_before": [0.00908050686120987], "value_after": [0.6733230662183647]}