{"tensor_location": [[2567, 608]], "criterion_score": [0.7608], "layer_name": ["encoder.layers.encoder_layer_9.mlp.0.weight"], "value_before": [0.004303423222154379], "value_after": [-0.7822161251645651]}