{"tensor_location": [[236]], "criterion_score": [0.7602], "layer_name": ["encoder.layers.encoder_layer_4.ln_2.bias"], "value_before": [0.00021114861010573804], "value_after": [1.064719552273187]}