{"tensor_location": [[1403, 158]], "criterion_score": [0.761], "layer_name": ["encoder.layers.encoder_layer_10.mlp.0.weight"], "value_before": [-0.029439985752105713], "value_after": [4.158216341522825]}