{"tensor_location": [[2186, 87]], "criterion_score": [0.7608], "layer_name": ["encoder.layers.encoder_layer_3.mlp.0.weight"], "value_before": [0.03128688409924507], "value_after": [-0.07071359655973357]}