{"tensor_location": [[360]], "criterion_score": [0.758], "layer_name": ["encoder.layers.encoder_layer_6.mlp.3.bias"], "value_before": [-0.00037151906872168183], "value_after": [2.5681034721915843]}