{"tensor_location": [[235, 1676]], "criterion_score": [0.7602], "layer_name": ["encoder.layers.encoder_layer_10.mlp.3.weight"], "value_before": [0.015089627355337143], "value_after": [0.7345315015660068]}