{"tensor_location": [[1591, 650]], "criterion_score": [0.7606], "layer_name": ["encoder.layers.encoder_layer_10.mlp.0.weight"], "value_before": [-0.006988435052335262], "value_after": [-0.06027284859174774]}