{"tensor_location": [[310]], "criterion_score": [0.7608], "layer_name": ["encoder.layers.encoder_layer_2.ln_1.bias"], "value_before": [-0.00027203900390304625], "value_after": [-0.1473407738901275]}