{"tensor_location": [[597]], "criterion_score": [0.7598], "layer_name": ["encoder.layers.encoder_layer_8.mlp.3.bias"], "value_before": [0.005000428296625614], "value_after": [0.45309030065328787]}