{"tensor_location": [[221]], "criterion_score": [0.7606], "layer_name": ["encoder.layers.encoder_layer_7.ln_2.bias"], "value_before": [0.0016956604085862637], "value_after": [-0.3936514913307274]}