{"tensor_location": [[596]], "criterion_score": [0.7616], "layer_name": ["encoder.layers.encoder_layer_4.mlp.3.bias"], "value_before": [-0.0029913634061813354], "value_after": [0.3328085572676832]}