{"tensor_location": [[1889, 470]], "criterion_score": [0.7608], "layer_name": ["encoder.layers.encoder_layer_2.mlp.0.weight"], "value_before": [0.009485376067459583], "value_after": [-0.41925370364676434]}