{"tensor_location": [[2315]], "criterion_score": [0.7606], "layer_name": ["encoder.layers.encoder_layer_1.mlp.0.bias"], "value_before": [0.0011110244086012244], "value_after": [0.18568379429152806]}