{"tensor_location": [[0, 8, 73]], "criterion_score": [0.7608], "layer_name": ["encoder.pos_embedding"], "value_before": [-0.34104806184768677], "value_after": [-0.026466883644883366]}