{"tensor_location": [[0, 22, 271]], "criterion_score": [0.7608], "layer_name": ["encoder.pos_embedding"], "value_before": [0.1422356367111206], "value_after": [0.10738630467240606]}