{"tensor_location": [[342, 2335]], "criterion_score": [0.7606], "layer_name": ["encoder.layers.encoder_layer_3.mlp.3.weight"], "value_before": [-0.016292357817292213], "value_after": [-0.39296489896676384]}