{"tensor_location": [[747, 935]], "criterion_score": [0.7608], "layer_name": ["encoder.layers.encoder_layer_9.mlp.3.weight"], "value_before": [-0.014994342811405659], "value_after": [-0.11353804666428352]}