{"tensor_location": [[120, 2, 19, 3]], "criterion_score": [0.7616], "layer_name": ["conv_proj.weight"], "value_before": [-0.002847681986168027], "value_after": [-0.5150681622476078]}