{"tensor_location": [[115, 1909]], "criterion_score": [0.7606], "layer_name": ["encoder.layers.encoder_layer_1.mlp.3.weight"], "value_before": [0.00567014142870903], "value_after": [1.3843841528044913]}