{"tensor_location": [[1411, 115]], "criterion_score": [0.7306], "layer_name": ["encoder.layers.encoder_layer_0.mlp.0.weight"], "value_before": [-0.02892151102423668], "value_after": [-247.51220213384332]}