{"tensor_location": [[0, 22, 20]], "criterion_score": [0.7594], "layer_name": ["encoder.pos_embedding"], "value_before": [-0.004107170272618532], "value_after": [3.4593962096098414]}