{"tensor_location": [[763, 2685]], "criterion_score": [0.7608], "layer_name": ["encoder.layers.encoder_layer_6.mlp.3.weight"], "value_before": [0.0036610306706279516], "value_after": [0.10546231235411133]}