{"tensor_location": [[536, 2239]], "criterion_score": [0.7608], "layer_name": ["encoder.layers.encoder_layer_1.mlp.3.weight"], "value_before": [0.0011577887926250696], "value_after": [-1.5697711882145817]}