{"tensor_location": [[430]], "criterion_score": [0.7608], "layer_name": ["encoder.layers.encoder_layer_1.ln_2.bias"], "value_before": [-0.00020485123968683183], "value_after": [0.06537584728884425]}