{"tensor_location": [[257]], "criterion_score": [0.7604], "layer_name": ["conv_proj.bias"], "value_before": [-0.0017841423396021128], "value_after": [-0.7353452762657782]}