{"tensor_location": [[1208]], "criterion_score": [0.7606], "layer_name": ["encoder.layers.encoder_layer_1.mlp.0.bias"], "value_before": [0.008592447265982628], "value_after": [0.6984458683251065]}