{"tensor_location": [[0, 0, 45]], "criterion_score": [0.0936], "layer_name": ["class_token"], "value_before": [-0.0006256438209675252], "value_after": [0.8360469179699053]}