{"tensor_location": [[216, 245]], "criterion_score": [0.761], "layer_name": ["encoder.layers.encoder_layer_11.mlp.3.weight"], "value_before": [0.01873873546719551], "value_after": [-1.0952047972383603]}