{"tensor_location": [[113, 2551]], "criterion_score": [0.7612], "layer_name": ["encoder.layers.encoder_layer_6.mlp.3.weight"], "value_before": [0.02029508724808693], "value_after": [-0.3263761334895179]}