{"tensor_location": [[220, 1461]], "criterion_score": [0.761], "layer_name": ["encoder.layers.encoder_layer_8.mlp.3.weight"], "value_before": [0.029924537986516953], "value_after": [0.9457894476676407]}