{"tensor_location": [[131, 1969]], "criterion_score": [0.7608], "layer_name": ["encoder.layers.encoder_layer_2.mlp.3.weight"], "value_before": [0.0053189583122730255], "value_after": [0.5117167366446526]}