{"tensor_location": [[1576]], "criterion_score": [0.7608], "layer_name": ["encoder.layers.encoder_layer_2.mlp.0.bias"], "value_before": [-0.01926744356751442], "value_after": [0.33090312332905686]}