{"tensor_location": [[645, 1872]], "criterion_score": [0.7606], "layer_name": ["encoder.layers.encoder_layer_9.mlp.3.weight"], "value_before": [0.0004180226824246347], "value_after": [0.9279721403510387]}