{"tensor_location": [[561]], "criterion_score": [0.7618], "layer_name": ["encoder.layers.encoder_layer_2.ln_1.bias"], "value_before": [-0.0011391248553991318], "value_after": [-0.5404391087579756]}