{"tensor_location": [[1573]], "criterion_score": [0.7608], "layer_name": ["encoder.layers.encoder_layer_0.mlp.0.bias"], "value_before": [0.002719433978199959], "value_after": [0.24837898443736753]}