{"tensor_location": [[359, 2420]], "criterion_score": [0.7604], "layer_name": ["encoder.layers.encoder_layer_2.mlp.3.weight"], "value_before": [-0.007995037361979485], "value_after": [0.7413573986035342]}