{"tensor_location": [[280]], "criterion_score": [0.6004], "layer_name": ["encoder.layers.encoder_layer_8.ln_1.bias"], "value_before": [-0.0032947175204753876], "value_after": [-12.115125424848495]}