{"tensor_location": [[1224, 560]], "criterion_score": [0.7608], "layer_name": ["encoder.layers.encoder_layer_5.mlp.0.weight"], "value_before": [-0.004163411911576986], "value_after": [-22.059593768624243]}