{"tensor_location": [[272, 677]], "criterion_score": [0.7608], "layer_name": ["encoder.layers.encoder_layer_4.mlp.0.weight"], "value_before": [-0.008926471695303917], "value_after": [-1.8099295537366062]}