{"tensor_location": [[654]], "criterion_score": [0.762], "layer_name": ["encoder.ln.bias"], "value_before": [0.005115543492138386], "value_after": [5.382912165549915]}