{"tensor_location": [[520]], "criterion_score": [0.7612], "layer_name": ["encoder.ln.bias"], "value_before": [0.0026834530290216208], "value_after": [1.1032498055757958]}