{"tensor_location": [[0, 0, 355]], "criterion_score": [0.4328], "layer_name": ["class_token"], "value_before": [0.003083673771470785], "value_after": [-0.38726173026385746]}