{"tensor_location": [[623, 1966]], "criterion_score": [0.761], "layer_name": ["encoder.layers.encoder_layer_9.mlp.3.weight"], "value_before": [0.0044143288396298885], "value_after": [-0.24008052527687923]}