{"tensor_location": [[0, 0, 28]], "criterion_score": [0.067], "layer_name": ["class_token"], "value_before": [-0.0006173998699523509], "value_after": [12.72712871155208]}