{"tensor_location": [[148]], "criterion_score": [0.2208], "layer_name": ["encoder.layers.encoder_layer_2.ln_1.bias"], "value_before": [0.0014344025403261185], "value_after": [-11.459049124814046]}