{"tensor_location": [[0, 6, 709]], "criterion_score": [0.7608], "layer_name": ["encoder.pos_embedding"], "value_before": [0.08055471628904343], "value_after": [-2.16665834256826]}