{"tensor_location": [[1175, 707]], "criterion_score": [0.7608], "layer_name": ["encoder.layers.encoder_layer_7.mlp.0.weight"], "value_before": [0.015624831430613995], "value_after": [2.361426085134979]}