{"tensor_location": [[3, 2964]], "criterion_score": [0.7604], "layer_name": ["encoder.layers.encoder_layer_7.mlp.3.weight"], "value_before": [0.013686529360711575], "value_after": [0.9232860341035616]}