{"tensor_location": [[499]], "criterion_score": [0.7604], "layer_name": ["encoder.layers.encoder_layer_10.mlp.3.bias"], "value_before": [0.012334879487752914], "value_after": [1.6390161922472593]}