{"tensor_location": [[500]], "criterion_score": [0.7604], "layer_name": ["conv_proj.bias"], "value_before": [0.00042257391032762825], "value_after": [0.17955115136374278]}