{"tensor_location": [[343, 226]], "criterion_score": [0.7608], "layer_name": ["encoder.layers.encoder_layer_6.mlp.3.weight"], "value_before": [-0.022896066308021545], "value_after": [0.757197922726344]}