{"tensor_location": [[0, 0, 594]], "criterion_score": [0.1122], "layer_name": ["class_token"], "value_before": [-0.000683378370013088], "value_after": [0.44603921718644557]}