{"tensor_location": [[165]], "criterion_score": [0.7618], "layer_name": ["encoder.layers.encoder_layer_1.mlp.3.bias"], "value_before": [0.0002161713782697916], "value_after": [0.8351079446972536]}