{"tensor_location": [[836]], "criterion_score": [0.7612], "layer_name": ["encoder.layers.encoder_layer_0.mlp.0.bias"], "value_before": [-0.012979461811482906], "value_after": [0.38563588728302306]}