{"tensor_location": [[2211]], "criterion_score": [0.7604], "layer_name": ["encoder.layers.encoder_layer_10.mlp.0.bias"], "value_before": [-0.015905439853668213], "value_after": [-0.8621244469241929]}