{"tensor_location": [[376]], "criterion_score": [0.7596], "layer_name": ["encoder.layers.encoder_layer_2.ln_2.bias"], "value_before": [0.0002300160122103989], "value_after": [0.5291440588231898]}