{"tensor_location": [[397, 1052]], "criterion_score": [0.7608], "layer_name": ["encoder.layers.encoder_layer_8.mlp.3.weight"], "value_before": [0.018678676337003708], "value_after": [-0.5325691846943752]}