{"tensor_location": [[0, 0, 423]], "criterion_score": [0.087], "layer_name": ["class_token"], "value_before": [-0.008281752467155457], "value_after": [0.9068038489117727]}