{"tensor_location": [[2143]], "criterion_score": [0.7608], "layer_name": ["encoder.layers.encoder_layer_11.mlp.0.bias"], "value_before": [-0.026308901607990265], "value_after": [0.2279574927211817]}