{"tensor_location": [[318, 2420]], "criterion_score": [0.7608], "layer_name": ["encoder.layers.encoder_layer_3.mlp.3.weight"], "value_before": [0.00757660111412406], "value_after": [0.16125834356980304]}