{"tensor_location": [[2269]], "criterion_score": [0.761], "layer_name": ["encoder.layers.encoder_layer_0.mlp.0.bias"], "value_before": [0.0037399609573185444], "value_after": [0.6569000868720304]}