{"tensor_location": [[2750]], "criterion_score": [0.7608], "layer_name": ["encoder.layers.encoder_layer_10.mlp.0.bias"], "value_before": [-0.025977475568652153], "value_after": [2.553733889913133]}