{"tensor_location": [[2880]], "criterion_score": [0.761], "layer_name": ["encoder.layers.encoder_layer_5.mlp.0.bias"], "value_before": [-0.023290550336241722], "value_after": [0.26233744302415113]}