{"tensor_location": [[674, 680]], "criterion_score": [0.7608], "layer_name": ["encoder.layers.encoder_layer_1.mlp.0.weight"], "value_before": [-0.0023983840364962816], "value_after": [-28.706176534405678]}