{"tensor_location": [[10, 2, 20, 28]], "criterion_score": [0.7608], "layer_name": ["conv_proj.weight"], "value_before": [0.001646989258006215], "value_after": [0.015445579043217706]}