{"tensor_location": [[3000, 309]], "criterion_score": [0.7608], "layer_name": ["encoder.layers.encoder_layer_4.mlp.0.weight"], "value_before": [0.005647690035402775], "value_after": [2.0567049125396095]}