{"tensor_location": [[714, 1102]], "criterion_score": [0.7602], "layer_name": ["encoder.layers.encoder_layer_4.mlp.3.weight"], "value_before": [-0.003131480887532234], "value_after": [-2.039906743572285]}