{"tensor_location": [[305, 505]], "criterion_score": [0.761], "layer_name": ["encoder.layers.encoder_layer_11.mlp.3.weight"], "value_before": [-0.027105623856186867], "value_after": [1.580285396165478]}