{"tensor_location": [[452]], "criterion_score": [0.7614], "layer_name": ["encoder.layers.encoder_layer_4.mlp.3.bias"], "value_before": [-0.0009178030304610729], "value_after": [0.42306070578281163]}