{"tensor_location": [[478]], "criterion_score": [0.7608], "layer_name": ["encoder.layers.encoder_layer_3.mlp.0.bias"], "value_before": [-0.0028986057732254267], "value_after": [-0.46165423097355746]}