{"tensor_location": [[2354]], "criterion_score": [0.7606], "layer_name": ["encoder.layers.encoder_layer_1.mlp.0.bias"], "value_before": [-0.0018352295737713575], "value_after": [-0.19676540447629007]}