{"tensor_location": [[723, 2789]], "criterion_score": [0.7608], "layer_name": ["encoder.layers.encoder_layer_9.mlp.3.weight"], "value_before": [0.014985881745815277], "value_after": [-0.2961352391223936]}