{"tensor_location": [[172]], "criterion_score": [0.7586], "layer_name": ["encoder.layers.encoder_layer_10.ln_1.bias"], "value_before": [0.023997832089662552], "value_after": [-1.6828948548810678]}