{"tensor_location": [[299]], "criterion_score": [0.761], "layer_name": ["encoder.layers.encoder_layer_5.mlp.3.bias"], "value_before": [-0.0001970601879293099], "value_after": [-0.048790465756670745]}