{"tensor_location": [[243]], "criterion_score": [0.7612], "layer_name": ["encoder.layers.encoder_layer_6.ln_1.bias"], "value_before": [0.00026476316270418465], "value_after": [0.3856402422561585]}