{"tensor_location": [[524]], "criterion_score": [0.7598], "layer_name": ["encoder.layers.encoder_layer_5.ln_1.bias"], "value_before": [-0.00014804027159698308], "value_after": [-0.2963206111272318]}