{"tensor_location": [[1233]], "criterion_score": [0.7608], "layer_name": ["encoder.layers.encoder_layer_9.mlp.0.bias"], "value_before": [-0.015567976981401443], "value_after": [0.08625740099565014]}