{"tensor_location": [[481, 393]], "criterion_score": [0.7608], "layer_name": ["encoder.layers.encoder_layer_5.mlp.0.weight"], "value_before": [0.03732174634933472], "value_after": [1.9314275437799617]}