{"tensor_location": [[0, 0, 720]], "criterion_score": [0.1326], "layer_name": ["class_token"], "value_before": [-0.004899623803794384], "value_after": [-0.45670321802223196]}