{"tensor_location": [[625]], "criterion_score": [0.7612], "layer_name": ["encoder.layers.encoder_layer_4.mlp.3.bias"], "value_before": [-0.0007735379622317851], "value_after": [0.0399236710713598]}