{"tensor_location": [[704, 710]], "criterion_score": [0.7604], "layer_name": ["encoder.layers.encoder_layer_1.mlp.3.weight"], "value_before": [0.0034872947726398706], "value_after": [-2.9468030809416836]}