{"tensor_location": [[0, 0, 6]], "criterion_score": [0.132], "layer_name": ["class_token"], "value_before": [-0.0005528334295377135], "value_after": [-3.8539385254221936]}