{"tensor_location": [[159, 2171]], "criterion_score": [0.7606], "layer_name": ["encoder.layers.encoder_layer_2.mlp.3.weight"], "value_before": [1.6100655557238497e-05], "value_after": [-0.5168830082694305]}