{"tensor_location": [[441, 345]], "criterion_score": [0.7608], "layer_name": ["encoder.layers.encoder_layer_4.mlp.3.weight"], "value_before": [-0.003175233956426382], "value_after": [-0.19157927535290684]}