{"tensor_location": [[2612, 268]], "criterion_score": [0.7606], "layer_name": ["encoder.layers.encoder_layer_9.mlp.0.weight"], "value_before": [-0.059235844761133194], "value_after": [0.44142933262603457]}