{"tensor_location": [[769, 461]], "criterion_score": [0.7606], "layer_name": ["encoder.layers.encoder_layer_2.mlp.0.weight"], "value_before": [0.008444496430456638], "value_after": [-0.8875828610424445]}