{"tensor_location": [[383]], "criterion_score": [0.758], "layer_name": ["conv_proj.bias"], "value_before": [0.020809181034564972], "value_after": [-1.8056867848088582]}