{"tensor_location": [[37, 1907]], "criterion_score": [0.7608], "layer_name": ["encoder.layers.encoder_layer_5.mlp.3.weight"], "value_before": [0.00025942904176190495], "value_after": [-0.42349089098238246]}