{"tensor_location": [[2378]], "criterion_score": [0.7606], "layer_name": ["encoder.layers.encoder_layer_3.mlp.0.bias"], "value_before": [0.006365449633449316], "value_after": [0.9130959765423627]}