{"tensor_location": [[243, 1955]], "criterion_score": [0.7604], "layer_name": ["encoder.layers.encoder_layer_4.mlp.3.weight"], "value_before": [-0.003907579462975264], "value_after": [0.8483246422977181]}