{"tensor_location": [[261]], "criterion_score": [0.7612], "layer_name": ["encoder.layers.encoder_layer_7.mlp.3.bias"], "value_before": [0.0006635858444496989], "value_after": [0.2480794940586827]}