{"tensor_location": [[2714, 82]], "criterion_score": [0.7608], "layer_name": ["encoder.layers.encoder_layer_6.mlp.0.weight"], "value_before": [0.07267467677593231], "value_after": [0.7334207098470057]}