{"tensor_location": [[645, 2, 14, 26]], "criterion_score": [0.762], "layer_name": ["conv_proj.weight"], "value_before": [-0.0006916168495081365], "value_after": [2.019176201081868]}