{"tensor_location": [[2272, 439]], "criterion_score": [0.7604], "layer_name": ["encoder.layers.encoder_layer_1.mlp.0.weight"], "value_before": [0.005547091830521822], "value_after": [-1.692077687047106]}