{"tensor_location": [[0, 0, 465]], "criterion_score": [0.0708], "layer_name": ["class_token"], "value_before": [-0.0006230983999557793], "value_after": [-2.7223688195059474]}