{"tensor_location": [[484]], "criterion_score": [0.7596], "layer_name": ["encoder.layers.encoder_layer_8.ln_1.bias"], "value_before": [0.0040792603977024555], "value_after": [-2.4527826053616595]}