{"tensor_location": [[243]], "criterion_score": [0.7604], "layer_name": ["encoder.layers.encoder_layer_10.mlp.3.bias"], "value_before": [0.0007883284124545753], "value_after": [0.1323703607049608]}