{"tensor_location": [[739]], "criterion_score": [0.7604], "layer_name": ["encoder.layers.encoder_layer_4.mlp.3.bias"], "value_before": [0.007815489545464516], "value_after": [0.33604225030865253]}