{"tensor_location": [[430]], "criterion_score": [0.7608], "layer_name": ["encoder.ln.weight"], "value_before": [0.6851235032081604], "value_after": [-0.2081458571994026]}