{"tensor_location": [[2256, 724]], "criterion_score": [0.7606], "layer_name": ["encoder.layers.encoder_layer_1.mlp.0.weight"], "value_before": [-0.07067137211561203], "value_after": [-0.7602290548904622]}