{"tensor_location": [[617]], "criterion_score": [0.7604], "layer_name": ["encoder.ln.weight"], "value_before": [0.6435005068778992], "value_after": [2.973042764664156]}