{"tensor_location": [[0, 0, 553]], "criterion_score": [0.1088], "layer_name": ["class_token"], "value_before": [-0.000577954517211765], "value_after": [0.5220618208015577]}