{"tensor_location": [[722]], "criterion_score": [0.7604], "layer_name": ["encoder.layers.encoder_layer_3.ln_1.bias"], "value_before": [0.003916677553206682], "value_after": [0.05151030375200386]}