{"tensor_location": [[626, 2173]], "criterion_score": [0.7606], "layer_name": ["encoder.layers.encoder_layer_8.mlp.3.weight"], "value_before": [0.02050384320318699], "value_after": [-0.37564437599496164]}