{"tensor_location": [[111]], "criterion_score": [0.7602], "layer_name": ["conv_proj.bias"], "value_before": [0.0814908966422081], "value_after": [0.6303854200685121]}