{"tensor_location": [[0, 0, 750]], "criterion_score": [0.1434], "layer_name": ["class_token"], "value_before": [0.003579521318897605], "value_after": [0.44886110005080987]}